نوع الصورة,القسم,اسم الصنف/القسم,الملف المحلي داخل الأرشيف,رابط الصورة الأصلية,الحالة,حجم الملف (بايت)
صورة صنف,Başlangıç,Chili Garlic Soslu Edamame,صور الأصناف/Başlangıç/Başlangıç - Chili Garlic Soslu Edamame.jpg,https://static.sepettakip.com/Product/fd9dec1f-5f6c-4222-84f3-e73990fc84b9/05e79a06-ece8-4990-be9a-3bb855acb33a.jpg,تم التنزيل,23066
صورة صنف,Başlangıç,Dana Etli Gyoza,صور الأصناف/Başlangıç/Başlangıç - Dana Etli Gyoza.jpg,https://static.sepettakip.com/Product/bf1bb3c2-8b06-4165-a267-e4b63c6783c8/4466b612-6ae7-459c-99da-09aa8bc71884.jpg,تم التنزيل,424881
صورة صنف,Başlangıç,Dynamite Chicken,صور الأصناف/Başlangıç/Başlangıç - Dynamite Chicken.jpeg,https://static.sepettakip.com/Product/9f1bd7e2-4967-475d-a3ff-17d21ba02783/4cba4781-c09e-44c3-8421-75f532de46cf.JPEG,تم التنزيل,16997
صورة صنف,Başlangıç,Dynamite Shrimp (6 Adet),صور الأصناف/Başlangıç/Başlangıç - Dynamite Shrimp (6 Adet).jpg,https://static.sepettakip.com/Product/eff683f9-f85b-4a54-a2fe-655213139a1d/4d19d8ad-fe74-433c-99ec-d24b8afd23ca.jpg,تم التنزيل,17127
صورة صنف,Başlangıç,Edamame,صور الأصناف/Başlangıç/Başlangıç - Edamame.jpg,https://static.sepettakip.com/Product/86e68522-b0e3-41b9-97f6-694fee64a6b9/d264b4c3-8668-4e6a-8cdb-0347d4045fc9.jpg,تم التنزيل,23066
صورة صنف,Başlangıç,Karides Shots (3 Pcs ),صور الأصناف/Başlangıç/Başlangıç - Karides Shots (3 Pcs ).jpg,https://static.sepettakip.com/Product/5d5e9b81-78ea-4d65-8336-e9abfce0aba5/34a7aa51-5bac-498f-95ce-78333b36dd9d.jpg,تم التنزيل,36883
صورة صنف,Başlangıç,Prown Cracers ( Karides Cips),صور الأصناف/Başlangıç/Başlangıç - Prown Cracers ( Karides Cips).jpeg,https://static.sepettakip.com/Product/5dfc373e-5f60-4d41-bde9-e0148c9a2b36/25776083-e653-45b3-b2cd-d101ebe576aa.JPEG,تم التنزيل,9066
صورة صنف,Başlangıç,Sebzeli Çin Böreği ( Spring Rolls ) 2.Pcs,صور الأصناف/Başlangıç/Başlangıç - Sebzeli Çin Böreği ( Spring Rolls ) 2.Pcs.jpg,https://static.sepettakip.com/Product/7c409c71-57ed-4472-a7d5-abb00203b9f9/ed05c42b-abd6-4472-94fb-c8dc320df4e8.jpg,تم التنزيل,27742
صورة صنف,Başlangıç,Shanghai Mantı Tabağı (6 Pcs.),صور الأصناف/Başlangıç/Başlangıç - Shanghai Mantı Tabağı (6 Pcs.).jpeg,https://static.sepettakip.com/Product/30181a5d-877a-44f1-9465-83e4b7e76407/ac7444bd-917a-440f-94b0-81160ca39530.JPEG,تم التنزيل,45275
صورة صنف,Başlangıç,Steamed Dumplig (4 Adet),صور الأصناف/Başlangıç/Başlangıç - Steamed Dumplig (4 Adet).jpg,https://static.sepettakip.com/Product/ad6b8e69-fe17-46b1-9081-b9348c59e459/ad5b4962-8a0c-406b-9283-ab331bd9a629.jpg,تم التنزيل,28289
صورة صنف,Başlangıç,Tempura Karides (Pcs.),صور الأصناف/Başlangıç/Başlangıç - Tempura Karides (Pcs.).jpeg,https://static.sepettakip.com/Product/8513501f-3948-46fb-916a-9b4bce96eeb6/cff93e64-b75e-483d-9efe-df481c0d92ce.JPEG,تم التنزيل,32150
صورة صنف,Başlangıç,Teryaki Soslu Edemame,صور الأصناف/Başlangıç/Başlangıç - Teryaki Soslu Edemame.jpg,https://static.sepettakip.com/Product/312b929d-ffd2-4197-8044-e9fe913bf4f4/9f361abc-3fa4-4f95-a107-d760a1d56361.jpg,تم التنزيل,23066
صورة صنف,Başlangıç,Çıtır Tavuk,صور الأصناف/Başlangıç/Başlangıç - Çıtır Tavuk.jpg,https://static.sepettakip.com/Product/99142d56-c5a7-42fa-8f0a-695e6a47df65/9c4108b6-e34e-472c-9a79-3fe7c18a0b9d.jpg,تم التنزيل,95153
صورة صنف,Bento Menüler,Bento 1,صور الأصناف/Bento Menüler/Bento Menüler - Bento 1.jpg,https://static.sepettakip.com/Product/ca1b305b-3556-4e68-90ea-9b2ca01c5dee/46b5f0a0-172b-4ef2-9560-84d597bbd686.jpg,تم التنزيل,821586
صورة صنف,Bento Menüler,Bento Menü 2,صور الأصناف/Bento Menüler/Bento Menüler - Bento Menü 2.jpg,https://static.sepettakip.com/Product/ed08b3eb-796c-40a7-871f-bdf2bc5aadd3/300c3da1-285e-432c-a9bc-bda6f06a143e.jpg,تم التنزيل,960300
صورة صنف,Bento Menüler,Bento Menü 3 ,صور الأصناف/Bento Menüler/Bento Menüler - Bento Menü 3.jpg,https://static.sepettakip.com/Product/d045d578-a134-40e5-b5cc-c5cb70786a6e/8c2c71bd-e761-4b29-8ce8-69ed2458e418.jpg,تم التنزيل,872957
صورة صنف,Bento Menüler,Bento Menü Vegan ,صور الأصناف/Bento Menüler/Bento Menüler - Bento Menü Vegan.jpg,https://static.sepettakip.com/Product/76cdc076-e782-45e4-ba37-be4a0cc3bb61/0dd1ee6d-39ac-483a-bbae-e6161e6c7312.jpg,تم التنزيل,813535
صورة صنف,Beyaz Et,Acı Biberli Tavuk,صور الأصناف/Beyaz Et/Beyaz Et - Acı Biberli Tavuk.jpg,https://static.sepettakip.com/Product/05a2ff43-7c9b-43bd-bc01-a6e5deb1d289/e1214060-2a55-418f-bbcb-edcc169bbde8.jpg,تم التنزيل,889269
صورة صنف,Beyaz Et,Brokoli Tavuk,صور الأصناف/Beyaz Et/Beyaz Et - Brokoli Tavuk.jpg,https://static.sepettakip.com/Product/8647664e-f27a-403b-b5d1-1dea783b56a5/16e8f0e8-cf80-4452-8fb5-2cf9d7f2ccc9.jpg,تم التنزيل,885242
صورة صنف,Beyaz Et,General Tso,صور الأصناف/Beyaz Et/Beyaz Et - General Tso.jpg,https://static.sepettakip.com/Product/00036f4b-3a9f-4228-b349-95011cb90570/19465274-f85d-4759-841c-79ca1d5ac4ce.jpg,تم التنزيل,840213
صورة صنف,Beyaz Et,Mancuryan Usulü Tavuk,صور الأصناف/Beyaz Et/Beyaz Et - Mancuryan Usulü Tavuk.jpg,https://static.sepettakip.com/Product/25970c4a-2616-43f9-9e0c-16af58c5d19f/6ec3bcd2-f81d-45ad-bb8a-d8a76ceaca27.jpg,تم التنزيل,783031
صورة صنف,Beyaz Et,Moğol Usulü Tavuk,صور الأصناف/Beyaz Et/Beyaz Et - Moğol Usulü Tavuk.jpeg,https://static.sepettakip.com/Product/21fe7101-aa7b-4836-9171-ff4445519f2a/a2a2ac77-7448-4cb6-bd47-e10a526263cb.JPEG,تم التنزيل,22941
صورة صنف,Beyaz Et,Tatlı Ekşi Soslu Tavuk,صور الأصناف/Beyaz Et/Beyaz Et - Tatlı Ekşi Soslu Tavuk.jpg,https://static.sepettakip.com/Product/71a6f39e-4df6-471d-87b8-5a728c514978/164e9486-dc15-433a-a4bd-ec37671c1698.jpg,تم التنزيل,836379
صورة صنف,Beyaz Et,Teriyaki Soslu Tavuk,صور الأصناف/Beyaz Et/Beyaz Et - Teriyaki Soslu Tavuk.jpg,https://static.sepettakip.com/Product/44343849-15fd-45b9-8045-c2bc1eda7455/a58e4f16-8be3-4dad-9895-5b3c159432ec.jpg,تم التنزيل,851564
صورة صنف,Crunchy Roll,Crispy Crunchy Calamar (8 Pcs),صور الأصناف/Crunchy Roll/Crunchy Roll - Crispy Crunchy Calamar (8 Pcs).jpg,https://static.sepettakip.com/Product/6f5b822c-076b-475b-ab24-89aba2f84e2e/f52dbe43-4888-47cc-912d-9c6c03683ff7.jpg,تم التنزيل,55393
صورة صنف,Crunchy Roll,Crispy Crunchy California (8 Pcs),صور الأصناف/Crunchy Roll/Crunchy Roll - Crispy Crunchy California (8 Pcs).jpg,https://static.sepettakip.com/Product/2bd342ce-f010-4e54-bb23-79b46a337683/40c557f6-4747-4e5d-a769-1fc716a7d6df.jpg,تم التنزيل,55191
صورة صنف,Crunchy Roll,Crispy Crunchy Dragon (8 Pcs),صور الأصناف/Crunchy Roll/Crunchy Roll - Crispy Crunchy Dragon (8 Pcs).jpg,https://static.sepettakip.com/Product/39d3db4b-2640-4ba0-bd81-bc6e4e664811/b08344a7-c1ff-42f7-9988-616c7c5bf07c.jpg,تم التنزيل,55393
صورة صنف,Crunchy Roll,Crispy Crunchy Philadelphia (8 Pcs),صور الأصناف/Crunchy Roll/Crunchy Roll - Crispy Crunchy Philadelphia (8 Pcs).jpg,https://static.sepettakip.com/Product/92de4f2d-b076-48ec-bc10-43a6fc4e02ab/b76a5556-f988-4466-8241-93f7b0b25e5a.jpg,تم التنزيل,55393
صورة صنف,Crunchy Roll,Crispy Crunchy Shrimp (8 Pcs),صور الأصناف/Crunchy Roll/Crunchy Roll - Crispy Crunchy Shrimp (8 Pcs).jpg,https://static.sepettakip.com/Product/cc3b0cd1-b1a1-4c80-ad34-78b27e211f22/3399984d-356f-40b4-aa5d-8ad695d9412b.jpg,تم التنزيل,55393
صورة صنف,Deniz Ürünleri,Acı Soslu Karides,صور الأصناف/Deniz Ürünleri/Deniz Ürünleri - Acı Soslu Karides.jpeg,https://static.sepettakip.com/Product/eb731a80-5c79-45f7-8e9e-2ce84decc852/80a0bd59-576b-4feb-9cd0-a382257695ac.JPEG,تم التنزيل,35367
صورة صنف,Deniz Ürünleri,Acılı Kalamar,صور الأصناف/Deniz Ürünleri/Deniz Ürünleri - Acılı Kalamar.jpeg,https://static.sepettakip.com/Product/6f522857-c666-4104-b1da-3d0d4a742911/284d8ee5-d8ce-4f9f-ba79-e8be3aff6e58.JPEG,تم التنزيل,31440
صورة صنف,Deniz Ürünleri,Karışık Sebzeli Karides,صور الأصناف/Deniz Ürünleri/Deniz Ürünleri - Karışık Sebzeli Karides.jpeg,https://static.sepettakip.com/Product/64f8f482-b520-4bfe-bfed-b0c33e2761ce/818acaf7-c746-43c3-9310-6312b10c7a5e.JPEG,تم التنزيل,34117
صورة صنف,Deniz Ürünleri,Tatlı Ekşi Soslu Karides,صور الأصناف/Deniz Ürünleri/Deniz Ürünleri - Tatlı Ekşi Soslu Karides.png,https://static.sepettakip.com/ProductPictureTemplate/119219.png,تم التنزيل,279499
صورة صنف,Deniz Ürünleri,Tatlı Ekşi Soslu Somon,صور الأصناف/Deniz Ürünleri/Deniz Ürünleri - Tatlı Ekşi Soslu Somon.jpeg,https://static.sepettakip.com/Product/ed67b8c1-1fc0-4797-b6f2-4ef2b43b58d3/8479c6bc-f581-4d65-bfac-8482d478a7ad.JPEG,تم التنزيل,14124
صورة صنف,Deniz Ürünleri,Teriyaki Soslu Somon,صور الأصناف/Deniz Ürünleri/Deniz Ürünleri - Teriyaki Soslu Somon.jpeg,https://static.sepettakip.com/Product/15bb2bd9-5543-4c5b-a62f-6edade58166a/45fe28fc-7d2d-4e40-b055-b04ba5728e8b.JPEG,تم التنزيل,14844
صورة صنف,Kırmızı Et,Brokolili Dana Eti,صور الأصناف/Kırmızı Et/Kırmızı Et - Brokolili Dana Eti.jpg,https://static.sepettakip.com/Product/1162c9ae-0ad2-4087-a8c2-1d08db49b397/c43e7cd5-3a12-4677-8b14-484e929f39b2.jpg,تم التنزيل,887124
صورة صنف,Kırmızı Et,Karışık Sebzeli Dana Eti,صور الأصناف/Kırmızı Et/Kırmızı Et - Karışık Sebzeli Dana Eti.jpg,https://static.sepettakip.com/Product/71e591fb-3f52-46af-b4c2-1e9d27c46afc/c1493dca-1d3f-42c2-9815-2e81cd019d92.jpg,تم التنزيل,779283
صورة صنف,Kırmızı Et,Mançuryan Usulü Dana Eti,صور الأصناف/Kırmızı Et/Kırmızı Et - Mançuryan Usulü Dana Eti.jpg,https://static.sepettakip.com/Product/c4206ad0-4bf2-4b67-87c3-ce679cc3a4a8/36847258-727e-47cc-be94-404f95d193b5.jpg,تم التنزيل,830435
صورة صنف,Kırmızı Et,Tatlı Ekşi Soslu Dana Eti,صور الأصناف/Kırmızı Et/Kırmızı Et - Tatlı Ekşi Soslu Dana Eti.jpg,https://static.sepettakip.com/Product/aac26bbb-bff7-4e10-ab96-3b8fcb748e23/5806bcd7-ca3d-4b32-bc40-90553793c7e9.jpg,تم التنزيل,842926
صورة صنف,Kırmızı Et,Yeşil Biberli Dana Eti,صور الأصناف/Kırmızı Et/Kırmızı Et - Yeşil Biberli Dana Eti.jpg,https://static.sepettakip.com/Product/126adc84-e1b6-46e5-83d4-bf7e7492f71f/6facdc99-e597-4ae5-ac4e-4fc9a563373d.jpg,تم التنزيل,681032
صورة صنف,Magic Maki,Avokado Maki (8 Pcs),صور الأصناف/Magic Maki/Magic Maki - Avokado Maki (8 Pcs).jpg,https://static.sepettakip.com/Product/1c4f8f6f-9201-42b6-ab40-b7a240ec3119/1c2aa86f-8670-4a54-a011-b2e43c8f42a8.jpg,تم التنزيل,667604
صورة صنف,Magic Maki,Avokado Sake Maki (8 Pcs),صور الأصناف/Magic Maki/Magic Maki - Avokado Sake Maki (8 Pcs).jpg,https://static.sepettakip.com/Product/7b1c737a-d8e7-48c0-9583-a3de5841fa9d/2772a4f7-68d5-4ed1-9d8f-8e411208747e.jpg,تم التنزيل,606164
صورة صنف,Magic Maki,Ebi Maki (8 Pcs),صور الأصناف/Magic Maki/Magic Maki - Ebi Maki (8 Pcs).jpg,https://static.sepettakip.com/Product/b57416d9-043c-4639-bf2e-836b1fe0d04a/1c2ab84f-443a-490c-a150-3ba065d1b860.jpg,تم التنزيل,653854
صورة صنف,Magic Maki,Kani Maki (8 Pcs),صور الأصناف/Magic Maki/Magic Maki - Kani Maki (8 Pcs).jpg,https://static.sepettakip.com/Product/4440f60e-80c5-4c85-9697-1f430ecc2dbc/86d02d42-0dbd-4e85-b3d9-813fe6336c43.jpg,تم التنزيل,59385
صورة صنف,Magic Maki,Kappa Maki (8 Pcs),صور الأصناف/Magic Maki/Magic Maki - Kappa Maki (8 Pcs).jpg,https://static.sepettakip.com/Product/85aae942-708e-4098-9ec5-53d52a064615/8dfbbfae-3da6-42b1-a23a-7de9e73bce95.jpg,تم التنزيل,51818
صورة صنف,Magic Maki,Sake Maki (8 Pcs),صور الأصناف/Magic Maki/Magic Maki - Sake Maki (8 Pcs).jpg,https://static.sepettakip.com/Product/6c415b2f-bd9e-4ea1-8c06-fe614ae376ba/d9f96a30-6edd-4980-a127-848a23ced873.jpg,تم التنزيل,48546
صورة صنف,Magic Maki,Spicy Tuna Maki (8 Pcs),صور الأصناف/Magic Maki/Magic Maki - Spicy Tuna Maki (8 Pcs).jpg,https://static.sepettakip.com/Product/c8c4a336-0f9f-4c9a-a938-9b3b84d40954/8eec48e0-ec77-42ef-a428-0f0241bb2462.jpg,تم التنزيل,605979
صورة صنف,Nigiri,Ebi Nigiri (2 Pcs ),صور الأصناف/Nigiri/Nigiri - Ebi Nigiri (2 Pcs ).jpg,https://static.sepettakip.com/Product/8105ba58-3123-4c23-b954-0c93cee94600/ab02b8de-dd97-480b-8b85-b6a2f5a711ce.jpg,تم التنزيل,690166
صورة صنف,Nigiri,Sake Nigiri (2 Pcs),صور الأصناف/Nigiri/Nigiri - Sake Nigiri (2 Pcs).jpg,https://static.sepettakip.com/Product/f8903a30-b478-4f5e-bda3-59e13d903e10/d446a4bf-8fe0-4af3-9145-2333a1f3fde8.jpg,تم التنزيل,676336
صورة صنف,Nigiri,Suzuki Nigiri (2 Pcs),صور الأصناف/Nigiri/Nigiri - Suzuki Nigiri (2 Pcs).jpg,https://static.sepettakip.com/Product/a098200e-4582-45f7-b7d3-eea4e5f99752/f7ab7187-f69e-4682-a567-8d94126fc541.jpg,تم التنزيل,655473
صورة صنف,Nigiri,Unagi Nigiri (2 Pcs),صور الأصناف/Nigiri/Nigiri - Unagi Nigiri (2 Pcs).jpg,https://static.sepettakip.com/Product/59b0bc2f-e62c-4b64-822e-f1fd75baae23/26373ab7-cebb-4def-a87f-9ba9d83b5697.jpg,تم التنزيل,738864
صورة صنف,Noodle,Deniz Mahsülleri Noodle,صور الأصناف/Noodle/Noodle - Deniz Mahsülleri Noodle.jpg,https://static.sepettakip.com/Product/20e53f68-d74f-4a52-a168-5baf09cc2842/1fa8d0d4-0cdd-43a9-83f6-355808dbdfde.jpg,تم التنزيل,78047
صورة صنف,Noodle,Etli Noodle,صور الأصناف/Noodle/Noodle - Etli Noodle.jpg,https://static.sepettakip.com/Product/acfd108a-c8d0-497d-bbd6-ffa3156d8cde/44c7350e-7a50-4a87-87d0-54d156927ca4.jpg,تم التنزيل,78047
صورة صنف,Noodle,Kalamar Noodle,صور الأصناف/Noodle/Noodle - Kalamar Noodle.jpg,https://static.sepettakip.com/Product/930fb175-c0bf-4c2f-a80d-3a2ad31da1f3/e19f3280-44d4-422f-9c35-2bf91e8f9215.jpg,تم التنزيل,85727
صورة صنف,Noodle,Karidesli Noodle,صور الأصناف/Noodle/Noodle - Karidesli Noodle.jpg,https://static.sepettakip.com/Product/b22311ad-227d-4562-8fd6-5d522de7a065/16b5ac7e-ff4f-4a8c-88d3-664a2ba924eb.jpg,تم التنزيل,78047
صورة صنف,Noodle,Sebzeli Noodle,صور الأصناف/Noodle/Noodle - Sebzeli Noodle.jpg,https://static.sepettakip.com/Product/d43a7750-57ab-40b6-b4f7-b88871e83c2a/6ac2e153-032c-424d-831a-95744eb6e612.jpg,تم التنزيل,78047
صورة صنف,Noodle,Singapur Noodle,صور الأصناف/Noodle/Noodle - Singapur Noodle.jpg,https://static.sepettakip.com/Product/a8ebdb62-ae14-4499-8173-8df79519908b/16816074-7341-4229-b1fd-cdafef50a6a9.jpg,تم التنزيل,78047
صورة صنف,Noodle,Tavuklu Noodle,صور الأصناف/Noodle/Noodle - Tavuklu Noodle.jpg,https://static.sepettakip.com/Product/d2a27ada-d549-499e-99a2-8b927e4882c3/73611772-f9eb-4dcc-912a-873d79b88961.jpg,تم التنزيل,97108
صورة صنف,Noodle,Teriyaki Soslu Brokolili Etli Noodle,صور الأصناف/Noodle/Noodle - Teriyaki Soslu Brokolili Etli Noodle.jpg,https://static.sepettakip.com/Product/ba140189-3102-4f8d-ac63-8f287e54644f/cfef9870-d56a-40ca-9f44-21cc9cce429d.jpg,تم التنزيل,78047
صورة صنف,Pad Thai,Pad Thai Chicken,صور الأصناف/Pad Thai/Pad Thai - Pad Thai Chicken.jpg,https://static.sepettakip.com/Product/46752136-6f86-4033-9e0c-b50f497c1e0f/4e595426-169f-4cc7-b7c1-44164feecb59.jpg,تم التنزيل,75543
صورة صنف,Pad Thai,Pad Thai Dana,صور الأصناف/Pad Thai/Pad Thai - Pad Thai Dana.jpg,https://static.sepettakip.com/Product/ee7413b5-67e6-4d14-9a44-9d384690d58c/182c096b-b2d0-49e4-af77-4236c58e0b9b.jpg,تم التنزيل,75879
صورة صنف,Pad Thai,Pad Thai Karides,صور الأصناف/Pad Thai/Pad Thai - Pad Thai Karides.jpg,https://static.sepettakip.com/Product/ff5044ba-28cd-4afe-bd12-d6525cb6c3b0/072829da-d420-449c-957b-677288f22cde.jpg,تم التنزيل,79153
صورة صنف,Pad Thai,Pad Thai Sebzeli,صور الأصناف/Pad Thai/Pad Thai - Pad Thai Sebzeli.jpg,https://static.sepettakip.com/Product/680c8246-020c-4b1f-988f-fbb1e7e25c8c/69b07874-040f-4fa5-a30f-5a48fb433aed.jpg,تم التنزيل,78906
صورة صنف,Pilav,Etli Pilav,صور الأصناف/Pilav/Pilav - Etli Pilav.jpg,https://static.sepettakip.com/Product/920067b3-0e36-41a7-b324-a9fb559685e7/0fb4b00c-6a97-46aa-9708-ada92c47a69f.jpg,تم التنزيل,76831
صورة صنف,Pilav,Karidesli Pilav,صور الأصناف/Pilav/Pilav - Karidesli Pilav.jpg,https://static.sepettakip.com/Product/b47387e3-6a43-4b57-95e3-c250492d895c/620b337f-e36f-430e-ae13-5417df7072ef.jpg,تم التنزيل,76831
صورة صنف,Pilav,Sebzeli Yumurtalı Pilav,صور الأصناف/Pilav/Pilav - Sebzeli Yumurtalı Pilav.png,https://static.sepettakip.com/Product/55ca8895-9c9f-4dbd-9168-d81fc6abdf66/e75b93de-dba7-478a-9583-a3e13a76cc02.PNG,تم التنزيل,213502
صورة صنف,Pilav,Stim Rice,صور الأصناف/Pilav/Pilav - Stim Rice.jpg,https://static.sepettakip.com/Product/8b20adab-92e2-4c2c-a19e-068df60976f9/6928ef4b-0e36-473b-bb98-9139cbabaa9e.jpg,تم التنزيل,76831
صورة صنف,Pilav,Tavuklu Pilav,صور الأصناف/Pilav/Pilav - Tavuklu Pilav.jpg,https://static.sepettakip.com/Product/ade1def6-0661-477a-a325-8904040d6f0f/fce73c0e-0a3e-4d4c-92c7-cd805c4f0821.jpg,تم التنزيل,76831
صورة صنف,Poke Bowl,Ckicken Poke Bowl,صور الأصناف/Poke Bowl/Poke Bowl - Ckicken Poke Bowl.jpeg,https://static.sepettakip.com/Product/35e7f241-c5bc-4bcb-9de1-b6655f362f63/7c70609f-f3e0-4d04-9e8e-364917067b1c.JPEG,تم التنزيل,22842
صورة صنف,Poke Bowl,Grabi Poke Bowl,صور الأصناف/Poke Bowl/Poke Bowl - Grabi Poke Bowl.jpeg,https://static.sepettakip.com/Product/b8c0460b-7620-4d1c-9830-a4f503b15e33/ad1757ff-f7b5-4678-a63b-79a1d37aa00d.JPEG,تم التنزيل,22826
صورة صنف,Poke Bowl,Maguro Poke Bowl,صور الأصناف/Poke Bowl/Poke Bowl - Maguro Poke Bowl.jpg,https://static.sepettakip.com/Product/063b0a59-9c0c-4b44-b813-b8a4ad97b882/bb5cc2eb-0a3a-4a84-a9c8-51dff50d8a27.jpg,تم التنزيل,86698
صورة صنف,Poke Bowl,Poke Bowl Shrimp,صور الأصناف/Poke Bowl/Poke Bowl - Poke Bowl Shrimp.jpg,https://static.sepettakip.com/Product/39d52388-4ee6-4fd9-b538-5e9a4abddaca/01a065c4-c326-4c68-b570-507c016c9171.jpg,تم التنزيل,86924
صورة صنف,Poke Bowl,Salmon Poke Bowl,صور الأصناف/Poke Bowl/Poke Bowl - Salmon Poke Bowl.jpg,https://static.sepettakip.com/Product/6d9c98eb-7e4d-492c-beb5-be87a5874f60/90f492ae-4ee4-4d17-954c-b21cfa7bc667.jpg,تم التنزيل,83532
صورة صنف,Poke Bowl,Salmon Tempura Poke Bowl,صور الأصناف/Poke Bowl/Poke Bowl - Salmon Tempura Poke Bowl.jpeg,https://static.sepettakip.com/Product/5aa6fd32-9a62-480d-bda7-62f60df98773/50d2cd3c-0c90-4fbf-9ffc-4250e98ea12f.JPEG,تم التنزيل,22946
صورة صنف,Poke Bowl,Tso Poke Bowl,صور الأصناف/Poke Bowl/Poke Bowl - Tso Poke Bowl.jpeg,https://static.sepettakip.com/Product/700407df-8064-46cc-9c70-a014ae5a31a4/c8cf2797-4594-49a7-a020-df2b730d5496.JPEG,تم التنزيل,26059
صورة صنف,Poke Bowl,Vegetarian Poke Bowl,صور الأصناف/Poke Bowl/Poke Bowl - Vegetarian Poke Bowl.jpeg,https://static.sepettakip.com/Product/b9a55806-259a-48cb-b851-eaabe1b9c15c/cf9d6233-11ae-4d64-9e40-393ba84bddb5.JPEG,تم التنزيل,25247
صورة صنف,Salads,Acı  Lahana Salatası,صور الأصناف/Salads/Salads - Acı Lahana Salatası.jpg,https://static.sepettakip.com/Product/565f4563-e98b-4592-b0c5-bb9c2acaa3d2/ed95a1d3-ae00-4485-a291-49d8dae5015e.jpg,تم التنزيل,881099
صورة صنف,Salads,Wakame Salad,صور الأصناف/Salads/Salads - Wakame Salad.jpeg,https://static.sepettakip.com/Product/da1682f4-3326-4944-8fdc-c605650a6f23/b5685556-8880-4c10-9ad2-a072593a2924.JPEG,تم التنزيل,22366
صورة صنف,Salads,Çin Salatası,صور الأصناف/Salads/Salads - Çin Salatası.jpg,https://static.sepettakip.com/Product/9f004b8a-bc52-4015-aad2-cac60ee779c0/c2615dbb-0064-48f0-aa07-3d30668e7f30.jpg,تم التنزيل,875471
صورة صنف,Sashimi (4 Pcs),Ebi Sashimi,صور الأصناف/Sashimi (4 Pcs)/Sashimi (4 Pcs) - Ebi Sashimi.jpg,https://static.sepettakip.com/Product/266bbbbf-8158-43a2-ad71-70d4590238d3/6a945ad3-3c99-48b3-b40f-29559c48e7cc.jpg,تم التنزيل,754998
صورة صنف,Sashimi (4 Pcs),Levrek Sashimi ,صور الأصناف/Sashimi (4 Pcs)/Sashimi (4 Pcs) - Levrek Sashimi.jpg,https://static.sepettakip.com/Product/b9dccf39-7b65-4ecf-b57d-37d975fdf638/fab9e765-ae44-4e9d-891f-0dd9e6b99cc2.jpg,تم التنزيل,710260
صورة صنف,Sashimi (4 Pcs),Sake Sashimi (4 Pcs),صور الأصناف/Sashimi (4 Pcs)/Sashimi (4 Pcs) - Sake Sashimi (4 Pcs).jpg,https://static.sepettakip.com/Product/a2a9019a-b1a2-481a-b05f-2bd2563864a1/66c69577-3434-4a94-99bb-bbffa2e45d76.jpg,تم التنزيل,783228
صورة صنف,Sashimi (4 Pcs),Tataki Salmon Sashimi,صور الأصناف/Sashimi (4 Pcs)/Sashimi (4 Pcs) - Tataki Salmon Sashimi.jpg,https://static.sepettakip.com/Product/59664aba-592e-400f-8d65-ae078070f4cb/e6930ebc-a165-455c-b77b-47038550c8a4.jpg,تم التنزيل,783228
صورة صنف,Sashimi (4 Pcs),Tuna Sashimi,صور الأصناف/Sashimi (4 Pcs)/Sashimi (4 Pcs) - Tuna Sashimi.jpg,https://static.sepettakip.com/Product/1976fa0a-b725-40e4-b329-7e592b06ea75/bc5ed186-844a-4a6b-9a91-6c538c02bef6.jpg,تم التنزيل,895539
صورة صنف,Sashimi (4 Pcs),Unagi Sashimi,صور الأصناف/Sashimi (4 Pcs)/Sashimi (4 Pcs) - Unagi Sashimi.jpg,https://static.sepettakip.com/Product/04c501d7-318d-4252-ac4c-83d0108dcc4d/030725d7-76a5-44cc-81bf-53275b9f8a4e.jpg,تم التنزيل,887930
صورة صنف,Sebze Yemeği,Karışık Sebze,صور الأصناف/Sebze Yemeği/Sebze Yemeği - Karışık Sebze.jpg,https://static.sepettakip.com/Product/696cd8f7-5d51-4073-a1bc-1c44a706ff32/50e87441-523c-4353-ba04-a7a5e10248e1.jpg,تم التنزيل,896764
صورة صنف,Sebze Yemeği,Sarımsak Soslu Brokoli,صور الأصناف/Sebze Yemeği/Sebze Yemeği - Sarımsak Soslu Brokoli.jpg,https://static.sepettakip.com/Product/783b69e2-dce6-4291-bad0-66e1e8657bc5/1bbe603b-5aad-4a96-aee4-5cf31eb051a2.jpg,تم التنزيل,14067
صورة صنف,Sos,Acılı Pul Biber Sos,صور الأصناف/Sos/Sos - Acılı Pul Biber Sos.jpg,https://static.sepettakip.com/Product/d127af83-86dc-4e35-923c-dca235939cb2/3aaa8f01-b096-42ed-bb6d-cb072f896978.jpg,تم التنزيل,46682
صورة صنف,Sos,Dynamite Sos,صور الأصناف/Sos/Sos - Dynamite Sos.jpg,https://static.sepettakip.com/Product/9e836a81-7477-4b70-aceb-1ab6a07a748b/b751ea32-0cdb-474b-a131-f0ab2baa91ac.jpg,تم التنزيل,51631
صورة صنف,Sos,Sriracha Sos,صور الأصناف/Sos/Sos - Sriracha Sos.jpg,https://static.sepettakip.com/Product/9939c90a-9d64-46f9-817b-ba1b32770a39/124c7268-f116-4dbf-b249-972272db7282.jpg,تم التنزيل,46682
صورة صنف,Sos,Sweet Chili Sos,صور الأصناف/Sos/Sos - Sweet Chili Sos.jpg,https://static.sepettakip.com/Product/8e45db94-0928-4ba6-9250-83a596dfc8be/cb9991f1-f09a-4c16-b4d5-6e3c918f22e5.jpg,تم التنزيل,46682
صورة صنف,Sos,Teiryaki Sos,صور الأصناف/Sos/Sos - Teiryaki Sos.jpg,https://static.sepettakip.com/Product/88446caf-43e3-485f-8163-ca5ebf21c321/e03ec86b-806c-4ee9-b955-2ddf9ead605f.jpg,تم التنزيل,50715
صورة صنف,Sos,Wasabi,صور الأصناف/Sos/Sos - Wasabi.jpg,https://static.sepettakip.com/Product/14e33e42-38ae-4425-838d-b586bead26d2/da2f3343-1583-4419-82c2-3380250acd17.jpg,تم التنزيل,39773
صورة صنف,Sos,Zencefil Sos,صور الأصناف/Sos/Sos - Zencefil Sos.jpg,https://static.sepettakip.com/Product/8fcd33b0-3d87-4fad-a561-5c9f370caef4/55b55536-ccf2-492c-b1bb-1b9fff182e1c.jpg,تم التنزيل,41403
صورة صنف,Special Roll,Calamar Tempura Roll (8 Pcs),صور الأصناف/Special Roll/Special Roll - Calamar Tempura Roll (8 Pcs).jpg,https://static.sepettakip.com/Product/e85b3326-6b20-4e60-9bf9-b0130fa9f7bf/49ac37e7-ff10-4315-9c9c-d4adff3e608b.jpg,تم التنزيل,684558
صورة صنف,Special Roll,California (4 Pcs),صور الأصناف/Special Roll/Special Roll - California (4 Pcs).jpg,https://static.sepettakip.com/Product/c8a06130-0c56-4e88-a8fc-e7d8f7a8e74b/d58286e2-238b-426f-b429-9ea8e6708845.jpg,تم التنزيل,694258
صورة صنف,Special Roll,California Roll (8 Pcs),صور الأصناف/Special Roll/Special Roll - California Roll (8 Pcs).jpg,https://static.sepettakip.com/Product/731fc82a-0f61-40ad-b2d8-c8b8219f1ab4/ea471a04-868b-4a19-bd25-fb6810f05d68.jpg,تم التنزيل,682521
صورة صنف,Special Roll,Canadian Roll ( 8 Pcs),صور الأصناف/Special Roll/Special Roll - Canadian Roll ( 8 Pcs).jpg,https://static.sepettakip.com/Product/133b414d-6ea8-4938-b7dc-196426805fa6/54d640d2-c2e8-4737-9a9b-1f3854657641.jpg,تم التنزيل,25034
صورة صنف,Special Roll,Chicken California Roll,صور الأصناف/Special Roll/Special Roll - Chicken California Roll.jpeg,https://static.sepettakip.com/Product/bff92bdf-2802-4ca9-9c09-d1c7246e3ab6/b0cec9c1-fdc7-400e-9453-fee4a7b2863e.JPEG,تم التنزيل,17065
صورة صنف,Special Roll,Crazy Philadelphia Roll (8 Pcs),صور الأصناف/Special Roll/Special Roll - Crazy Philadelphia Roll (8 Pcs).jpg,https://static.sepettakip.com/Product/61c2ada7-be07-4935-ae08-671e4dc37dfb/55a9ff08-634c-4663-ba0c-4a27302ce8a8.jpg,تم التنزيل,48127
صورة صنف,Special Roll,Crazy Salmon Roll (8 Pcs),صور الأصناف/Special Roll/Special Roll - Crazy Salmon Roll (8 Pcs).jpg,https://static.sepettakip.com/Product/d35eea69-391d-4e72-8e64-bd93870c13e9/2726d796-567b-413b-816e-95e50fc2dede.jpg,تم التنزيل,740330
صورة صنف,Special Roll,Crazy Tuna Roll (8 Pcs),صور الأصناف/Special Roll/Special Roll - Crazy Tuna Roll (8 Pcs).jpg,https://static.sepettakip.com/Product/4e57bfb3-1041-4b45-a0ed-372c38dd6c8d/13a44c03-449d-463e-9760-5e3f6be29b4d.jpg,تم التنزيل,723350
صورة صنف,Special Roll,Dragon Roll (8 Pcs),صور الأصناف/Special Roll/Special Roll - Dragon Roll (8 Pcs).jpg,https://static.sepettakip.com/Product/6e84a2ea-3d48-4efc-89e6-af38b324e441/c580a8e8-1c97-44ef-87bf-caa4b64726f0.jpg,تم التنزيل,753394
صورة صنف,Special Roll,Dynamite Ckicken Roll,صور الأصناف/Special Roll/Special Roll - Dynamite Ckicken Roll.png,https://static.sepettakip.com/Product/98635115-d1a3-4daa-ba7b-e1a41eb61790/294f2e93-f3fc-4d33-a8b3-1070f104c3c5.PNG,تم التنزيل,197055
صورة صنف,Special Roll,Dynamite Karides Roll (8 Pcs),صور الأصناف/Special Roll/Special Roll - Dynamite Karides Roll (8 Pcs).jpg,https://static.sepettakip.com/Product/cbe07e3f-3202-428d-aebc-36d6d78fc45d/73cbd7fb-d1fe-479a-9b18-cf7fe48cd99b.jpg,تم التنزيل,829306
صورة صنف,Special Roll,Ebi Tempura Roll (8 Pcs),صور الأصناف/Special Roll/Special Roll - Ebi Tempura Roll (8 Pcs).jpg,https://static.sepettakip.com/Product/f075934f-9213-460e-8543-3b8da8b70322/263587cc-75d1-452b-8325-abee583c5130.jpg,تم التنزيل,684558
صورة صنف,Special Roll,Grabi Roll,صور الأصناف/Special Roll/Special Roll - Grabi Roll.jpeg,https://static.sepettakip.com/Product/b80fff46-6385-4302-b484-069fdbcdf980/4ccc5e16-de1a-4c7e-915e-c3a71feaccb0.JPEG,تم التنزيل,16555
صورة صنف,Special Roll,Green Dragon Roll (8 Pcs),صور الأصناف/Special Roll/Special Roll - Green Dragon Roll (8 Pcs).jpg,https://static.sepettakip.com/Product/e0c0e7d5-496b-4941-9d2f-cc56ca761859/76ffc2d5-7a0f-4c91-ad2f-82f9b191c6c9.jpg,تم التنزيل,669727
صورة صنف,Special Roll,Osaka Roll,صور الأصناف/Special Roll/Special Roll - Osaka Roll.jpeg,https://static.sepettakip.com/Product/f703088b-89d1-4ff8-b600-b09ce0d77f02/5ab1b733-b9af-42a4-9484-5ed6594ff3ef.JPEG,تم التنزيل,27416
صورة صنف,Special Roll,Philadelphia Roll (8 Pcs),صور الأصناف/Special Roll/Special Roll - Philadelphia Roll (8 Pcs).jpg,https://static.sepettakip.com/Product/f21424cb-3e32-4e0d-a51d-2eb34fef93e8/be65fea0-a3c4-433f-99de-59c850f2666f.jpg,تم التنزيل,723654
صورة صنف,Special Roll,Philladelphia (4 Pcs),صور الأصناف/Special Roll/Special Roll - Philladelphia (4 Pcs).jpg,https://static.sepettakip.com/Product/5f426cd4-90ba-4cda-9fb1-af59e1d69190/eb53c57a-1a93-4371-b7ba-e9a1fe35a5fc.jpg,تم التنزيل,723654
صورة صنف,Special Roll,Philly Roll (8 Pcs),صور الأصناف/Special Roll/Special Roll - Philly Roll (8 Pcs).jpg,https://static.sepettakip.com/Product/385cd463-6f2a-4e65-8824-42674f29ca49/12d16102-caef-4878-9e5e-41e5f78638bd.jpg,تم التنزيل,784178
صورة صنف,Special Roll,Raınbow Roll (8 Pcs),صور الأصناف/Special Roll/Special Roll - Raınbow Roll (8 Pcs).jpg,https://static.sepettakip.com/Product/3553ed12-49f6-4d9a-a5e5-1be4b2dfb6cf/f3f58ce6-1984-4921-ba68-1c441217e780.jpg,تم التنزيل,703185
صورة صنف,Special Roll,Somon Tempura Roll (8 Pcs),صور الأصناف/Special Roll/Special Roll - Somon Tempura Roll (8 Pcs).jpg,https://static.sepettakip.com/Product/1eca5606-aab1-48dd-95d4-54a985a6de3d/2324a0e2-ebcd-4dde-8c40-ee25f71cefa2.jpg,تم التنزيل,686080
صورة صنف,Special Roll,Vegan Roll,صور الأصناف/Special Roll/Special Roll - Vegan Roll.jpg,https://static.sepettakip.com/Product/8fb7a1f9-c3ed-4b7b-807a-c2004a70cc7a/5e0f77f3-bc8a-43fd-8de2-68a112816aa8.jpg,تم التنزيل,649520
صورة صنف,Special Roll,Wakame Roll,صور الأصناف/Special Roll/Special Roll - Wakame Roll.jpeg,https://static.sepettakip.com/Product/454ae372-c70a-4d76-8bd8-e8bcfca6145e/c0fd2591-2bef-44d5-a3e3-482abe436b6a.JPEG,تم التنزيل,32424
صورة صنف,Sushi Set Menüler,California Sushi Set (16 Pcs),صور الأصناف/Sushi Set Menüler/Sushi Set Menüler - California Sushi Set (16 Pcs).jpeg,https://static.sepettakip.com/Product/deb6d387-d04a-4337-97a2-68fc6fa5f57f/d776c452-0bae-4e75-9c1c-c7cd60a54748.JPEG,تم التنزيل,39353
صورة صنف,Sushi Set Menüler,Canada Set (32 Pcs),صور الأصناف/Sushi Set Menüler/Sushi Set Menüler - Canada Set (32 Pcs).jpg,https://static.sepettakip.com/Product/f2da98f6-a992-4ec4-8451-6b3b4e92a849/20b8c75f-c899-473a-bae9-8d47e77ba824.jpg,تم التنزيل,33943
صورة صنف,Sushi Set Menüler,Chicken Lovers (40 Pcs),صور الأصناف/Sushi Set Menüler/Sushi Set Menüler - Chicken Lovers (40 Pcs).png,https://static.sepettakip.com/Product/7ba43f25-7b56-4635-915b-2d160861db71/bd4817b2-6649-466e-a921-093d820c933c.PNG,تم التنزيل,350197
صورة صنف,Sushi Set Menüler,Combo Crunchy Set Menü  (24 Pcs),صور الأصناف/Sushi Set Menüler/Sushi Set Menüler - Combo Crunchy Set Menü (24 Pcs).jpg,https://static.sepettakip.com/Product/59de8607-fc90-4860-b243-7e929830faad/f0cbd4a3-029a-44d0-b0d9-454921ef4f41.jpg,تم التنزيل,44356
صورة صنف,Sushi Set Menüler,Cooked Mix (24 Pcs),صور الأصناف/Sushi Set Menüler/Sushi Set Menüler - Cooked Mix (24 Pcs).jpg,https://static.sepettakip.com/Product/ef69620c-67c4-4631-bc6a-939e743c3c19/da15bd8f-1e0d-4299-8fc0-385eaa6c0570.jpg,تم التنزيل,99885
صورة صنف,Sushi Set Menüler,Lucky Prestige Roll Set (56 Pcs),صور الأصناف/Sushi Set Menüler/Sushi Set Menüler - Lucky Prestige Roll Set (56 Pcs).jpeg,https://static.sepettakip.com/Product/f1654267-8951-40c7-ac39-e3124363f978/7de3b293-8e4d-4b42-866f-120f44fcdde1.JPEG,تم التنزيل,48442
صورة صنف,Sushi Set Menüler,Lucky Set,صور الأصناف/Sushi Set Menüler/Sushi Set Menüler - Lucky Set.png,https://static.sepettakip.com/Product/1bd6e865-42d0-437a-882e-6c6da8a533ef/05879afe-e3d1-410e-9551-b369f1762d3f.PNG,تم التنزيل,310233
صورة صنف,Sushi Set Menüler,Moriawase Set (20 Pcs),صور الأصناف/Sushi Set Menüler/Sushi Set Menüler - Moriawase Set (20 Pcs).jpg,https://static.sepettakip.com/Product/7a1e716b-962f-4d1f-b068-566de3d69681/76c3cee0-1a13-4ff4-b09b-eb4eea5deaa5.jpg,تم التنزيل,29331
صورة صنف,Sushi Set Menüler,Philadelphia Sushi Set (16 Pcs),صور الأصناف/Sushi Set Menüler/Sushi Set Menüler - Philadelphia Sushi Set (16 Pcs).jpeg,https://static.sepettakip.com/Product/750214f7-c8c7-49f7-962c-d208261b4363/6598829c-e6c5-462b-a249-30fffa8ec662.JPEG,تم التنزيل,44793
صورة صنف,Sushi Set Menüler,Sakura Maki Set  (40 Pcs),صور الأصناف/Sushi Set Menüler/Sushi Set Menüler - Sakura Maki Set (40 Pcs).png,https://static.sepettakip.com/Product/77cc09a4-fad3-42f0-ba04-9b53dc388956/512a270e-a95f-4768-9e9b-405b6906a74e.PNG,تم التنزيل,273704
صورة صنف,Sushi Set Menüler,Salmon Lover's (40 Pcs.),صور الأصناف/Sushi Set Menüler/Sushi Set Menüler - Salmon Lover's (40 Pcs.).jpg,https://static.sepettakip.com/Product/591c862c-ae59-4c55-8ae1-bd178063e9e2/4007863b-461b-49c9-8e47-55ff367563b6.jpg,تم التنزيل,1612483
صورة صنف,Sushi Set Menüler,İstanbul Set (32 Pcs.),صور الأصناف/Sushi Set Menüler/Sushi Set Menüler - İstanbul Set (32 Pcs.).jpg,https://static.sepettakip.com/Product/ec6da5bf-6e37-4059-9887-05f8a852474d/5f825e0c-31ab-49f5-81ad-ec188b324c3d.jpg,تم التنزيل,29277
صورة صنف,Tatlı,Kızarmış Ananas,صور الأصناف/Tatlı/Tatlı - Kızarmış Ananas.jpeg,https://static.sepettakip.com/Product/a6be86a9-5d61-43e5-8762-84aeca216b08/918f3068-db48-41e9-80cf-888524aa43f8.JPEG,تم التنزيل,33498
صورة صنف,Tatlı,Kızarmış Dondurma,صور الأصناف/Tatlı/Tatlı - Kızarmış Dondurma.jpeg,https://static.sepettakip.com/Product/2909d83e-8105-4eb2-b381-bcd98ac7034f/ff286cf3-a4af-4acc-b4e9-da6af9ce03b8.JPEG,تم التنزيل,30351
صورة صنف,Tatlı,Kızarmış Muz,صور الأصناف/Tatlı/Tatlı - Kızarmış Muz.jpeg,https://static.sepettakip.com/Product/8165346d-9034-4646-b92c-763f0db137ab/0e50c9e4-a82e-44c1-a67c-defedd15f2c8.JPEG,تم التنزيل,29424
صورة صنف,Tatlı,Nutella Roll,صور الأصناف/Tatlı/Tatlı - Nutella Roll.jpeg,https://static.sepettakip.com/Product/4d36d764-89a1-4ee0-a5fd-11f4d7d194e0/7cb15a2c-c281-402a-b5ce-6e8df06bca11.JPEG,تم التنزيل,23739
صورة صنف,Udon Noodle,Etli Udon Noodle,صور الأصناف/Udon Noodle/Udon Noodle - Etli Udon Noodle.jpeg,https://static.sepettakip.com/Product/a42ef6bb-5650-4ced-b480-3d17134f820b/486700a3-42c6-4cb9-8eb3-fef6b2ced46e.JPEG,تم التنزيل,28728
صورة صنف,Udon Noodle,Karidesli Udon Noodle,صور الأصناف/Udon Noodle/Udon Noodle - Karidesli Udon Noodle.jpeg,https://static.sepettakip.com/Product/98be9152-f92a-46be-95ed-ad1f61d95242/fe78cb09-eeee-4625-86c7-347739a8c3c5.JPEG,تم التنزيل,28754
صورة صنف,Udon Noodle,Sebzeli Udon Noodle,صور الأصناف/Udon Noodle/Udon Noodle - Sebzeli Udon Noodle.jpeg,https://static.sepettakip.com/Product/fb0d3bfd-d38b-45a1-a114-a33f7c38bff0/1c4810fd-3a3f-4904-afd0-f1a19d5f4cc2.JPEG,تم التنزيل,34419
صورة صنف,Udon Noodle,Tavuklu Udon Noodle,صور الأصناف/Udon Noodle/Udon Noodle - Tavuklu Udon Noodle.jpeg,https://static.sepettakip.com/Product/a1b4f8f7-ad33-4f96-be64-c3cd4e81ce7a/1bd4b8f2-8c34-4db0-91f1-e07f170a9ae0.JPEG,تم التنزيل,29124
صورة صنف,Çorba & Ramen,Acılı Ekşili Çorba,صور الأصناف/Çorba & Ramen/Çorba & Ramen - Acılı Ekşili Çorba.jpg,https://static.sepettakip.com/Product/758f17d1-fac3-488d-a0ae-1e25aef0facd/a9ae9fc1-5ff6-451f-a75b-d1350540f2be.jpg,تم التنزيل,23886
صورة صنف,Çorba & Ramen,Etli Ramen,صور الأصناف/Çorba & Ramen/Çorba & Ramen - Etli Ramen.jpg,https://static.sepettakip.com/Product/f2ef06cb-f38e-47b5-9c51-8bd93f1c62c1/0c25b149-37f7-4ced-8150-7e967e4a5662.jpg,تم التنزيل,29857
صورة صنف,Çorba & Ramen,Etli Udon Çorbası,صور الأصناف/Çorba & Ramen/Çorba & Ramen - Etli Udon Çorbası.jpeg,https://static.sepettakip.com/Product/305ab60c-a1ed-4a2c-beb1-793b8b0ec98a/304dbd0d-5c47-4d2b-9177-b60363971168.JPEG,تم التنزيل,31781
صورة صنف,Çorba & Ramen,Karidesli Ramen,صور الأصناف/Çorba & Ramen/Çorba & Ramen - Karidesli Ramen.jpg,https://static.sepettakip.com/Product/954121ba-4f2f-4704-a81e-9d6c42bed631/9b754b16-b0af-4405-8fdd-7c3aa7186eed.jpg,تم التنزيل,31011
صورة صنف,Çorba & Ramen,Karidesli Udon Çorbası,صور الأصناف/Çorba & Ramen/Çorba & Ramen - Karidesli Udon Çorbası.jpeg,https://static.sepettakip.com/Product/67ee5292-662a-4c6a-a506-c73b81906aeb/9f9dd549-427e-471a-85b4-d0044df0281d.JPEG,تم التنزيل,31452
صورة صنف,Çorba & Ramen,Miso Çorbası,صور الأصناف/Çorba & Ramen/Çorba & Ramen - Miso Çorbası.jpg,https://static.sepettakip.com/Product/c309b68b-f02e-45cc-ba17-1f33cd387ce1/25ef6606-edf3-44ab-bf52-488c3e35cb0b.jpg,تم التنزيل,23886
صورة صنف,Çorba & Ramen,Sebze Çorbası,صور الأصناف/Çorba & Ramen/Çorba & Ramen - Sebze Çorbası.jpg,https://static.sepettakip.com/Product/6b7b01f3-7890-45ed-93be-cb79e722a2e5/7c1481bb-4d47-4bc7-b9d5-8fbd911fe5ff.jpg,تم التنزيل,18248
صورة صنف,Çorba & Ramen,Sebzeli Ramen,صور الأصناف/Çorba & Ramen/Çorba & Ramen - Sebzeli Ramen.jpeg,https://static.sepettakip.com/Product/1495d9c0-0d0d-4055-818e-2e64a62b64af/675d45ea-f960-41d5-a6c8-83d13633a4de.JPEG,تم التنزيل,23320
صورة صنف,Çorba & Ramen,Tavuklu Mısır Çorbası,صور الأصناف/Çorba & Ramen/Çorba & Ramen - Tavuklu Mısır Çorbası.jpg,https://static.sepettakip.com/Product/fecded09-57d7-4e85-a547-d87ea194974c/5ec964a0-ee9a-4ed0-b1bf-ebc8b7893e7c.jpg,تم التنزيل,21724
صورة صنف,Çorba & Ramen,Tavuklu Ramen,صور الأصناف/Çorba & Ramen/Çorba & Ramen - Tavuklu Ramen.jpg,https://static.sepettakip.com/Product/ce7dcca0-af1c-4bdd-8abc-a9acbbd547a1/1d499535-76ba-4709-bd38-07be5097d0d3.jpg,تم التنزيل,99437
صورة صنف,Çorba & Ramen,Tavuklu Udon Çorbası,صور الأصناف/Çorba & Ramen/Çorba & Ramen - Tavuklu Udon Çorbası.jpeg,https://static.sepettakip.com/Product/daba9782-0dea-41ef-934a-8175c4bc3483/158463fc-d7af-4241-a1e0-fcf77e51aef2.JPEG,تم التنزيل,31631
صورة صنف,Çorba & Ramen,Tom Yum Çorbası,صور الأصناف/Çorba & Ramen/Çorba & Ramen - Tom Yum Çorbası.png,https://static.sepettakip.com/Product/a432e2bd-75a8-444f-a896-825ceff838e1/d5593224-cec1-4f94-afad-bea4fcce163c.PNG,تم التنزيل,221846
صورة صنف,İçecek,	 Lipton Ice Tea Limon (330 Ml),صور الأصناف/İçecek/İçecek - Lipton Ice Tea Limon (330 Ml).png,https://static.sepettakip.com/Product/a83bffed-eabd-4269-9da2-2d0619e2c6d6/9b28ea68-03e1-46b4-bd36-afaf675bd0c3.PNG,تم التنزيل,103148
صورة صنف,İçecek,	 Tropicana Karışık (330 Ml),صور الأصناف/İçecek/İçecek - Tropicana Karışık (330 Ml).png,https://static.sepettakip.com/Product/56d74968-7dfb-4dd9-bb36-d743b1b74826/47a56d6d-2ca6-4c74-9c3c-d06fb76d9176.PNG,تم التنزيل,106006
صورة صنف,İçecek,Coca Cola (330 Ml),صور الأصناف/İçecek/İçecek - Coca Cola (330 Ml).jpg,https://static.sepettakip.com/Product/91b9e334-8d89-4947-b640-04015913a5d9/a2028db1-37f2-4e3d-9b04-bd1843b9b61f.jpg,تم التنزيل,6836
صورة صنف,İçecek,Coca Cola Zero Sugar (330 Ml),صور الأصناف/İçecek/İçecek - Coca Cola Zero Sugar (330 Ml).jpg,https://static.sepettakip.com/Product/29cc728a-4fb4-4b80-a10d-a9ea8a86dd19/baa9043c-f20c-45cc-9574-8308d412960e.jpg,تم التنزيل,9512
صورة صنف,İçecek,Cola Turka ,صور الأصناف/İçecek/İçecek - Cola Turka.jpeg,https://static.sepettakip.com/ProductPictureTemplate/None/e9337f3e-cf89-4164-96fe-eb4da1eb891c.JPEG,تم التنزيل,12664
صورة صنف,İçecek,Fanta (330 Ml),صور الأصناف/İçecek/İçecek - Fanta (330 Ml).jpg,https://static.sepettakip.com/Product/64afba25-d938-4ee5-939c-1d9c48b98c6a/58dff515-bde9-4022-8699-89df575758c6.jpg,تم التنزيل,9744
صورة صنف,İçecek,Fuse Tea (330 Ml),صور الأصناف/İçecek/İçecek - Fuse Tea (330 Ml).jpg,https://static.sepettakip.com/Product/274a9ca9-8c31-46a3-a086-c75086b771bf/603335ee-9e36-4a8b-9fbc-454ccf177a12.jpg,تم التنزيل,7205
صورة صنف,İçecek,Lipton İce Tea Şeftali (330 Ml),صور الأصناف/İçecek/İçecek - Lipton İce Tea Şeftali (330 Ml).png,https://static.sepettakip.com/Product/e174081b-2b75-416a-ad80-7fe29aafd1b4/5661eecd-172e-4f87-92b1-8b14b9d17976.PNG,تم التنزيل,107340
صورة صنف,İçecek,Pepsi Cola (330),صور الأصناف/İçecek/İçecek - Pepsi Cola (330).png,https://static.sepettakip.com/Product/654a68f1-8e4c-4c2d-806a-5334ac82eb3a/c7afeb34-6878-4680-b35e-0ec0b76b10b6.PNG,تم التنزيل,100510
صورة صنف,İçecek,Pepsi Zero Sugar (330),صور الأصناف/İçecek/İçecek - Pepsi Zero Sugar (330).png,https://static.sepettakip.com/Product/856ba2a2-94e9-4ee8-91bd-d8544e16e907/38c65dac-893c-4a02-982f-e5099979dfec.PNG,تم التنزيل,84106
صورة صنف,İçecek,Seven Up (330 Ml),صور الأصناف/İçecek/İçecek - Seven Up (330 Ml).png,https://static.sepettakip.com/Product/5ddd7686-582f-49e9-9c31-93b6b080731c/622ffec7-e7b5-4d89-8a34-f49d2b611b61.PNG,تم التنزيل,71904
صورة صنف,İçecek,Soda (200 Ml),صور الأصناف/İçecek/İçecek - Soda (200 Ml).jpg,https://static.sepettakip.com/Product/448861f7-9c84-46a0-a635-4c4a79230d64/ee057e09-f854-4d6b-91df-edd6159f1e75.jpg,تم التنزيل,7686
صورة صنف,İçecek,Su (330 Ml),صور الأصناف/İçecek/İçecek - Su (330 Ml).jpg,https://static.sepettakip.com/Product/2d602ff3-1150-491a-b67f-2f7a271d6f1b/6df0a0c3-d962-480f-a993-dfb732ac7c2d.jpg,تم التنزيل,5858
صورة صنف,İçecek,Tropicana Vişne (330 Ml),صور الأصناف/İçecek/İçecek - Tropicana Vişne (330 Ml).png,https://static.sepettakip.com/Product/56c1f4ef-5d88-496d-b94f-6beb577bc612/00a82334-8e2b-489c-a047-46542dd12a43.PNG,تم التنزيل,112376
صورة صنف,İçecek,Tropicana Şeftali (330 Ml),صور الأصناف/İçecek/İçecek - Tropicana Şeftali (330 Ml).png,https://static.sepettakip.com/Product/a056aefb-a37b-48e5-af79-1d079168ee6c/3fb10f8e-4796-4cd0-a826-96cfd937a393.PNG,تم التنزيل,105010
صورة صنف,İçecek,Yedigün (330 Ml),صور الأصناف/İçecek/İçecek - Yedigün (330 Ml).png,https://static.sepettakip.com/Product/80d485b2-90b7-47f0-989f-3537043c6860/d0d9a20b-57f1-489b-88f6-5a5d46c4f2bd.PNG,تم التنزيل,128382
صورة قسم,Başlangıç,Başlangıç,صور الأقسام/Başlangıç/Başlangıç - صورة القسم.jpeg,https://static.sepettakip.com/ProductHeader/b6e723e6-f7ac-47cb-8e3f-41a44c4af8e8/5c568913-6753-473d-989a-df94ae2a0ed0.JPEG,تم التنزيل,45163
صورة قسم,Bento Menüler,Bento Menüler,صور الأقسام/Bento Menüler/Bento Menüler - صورة القسم.jpg,https://static.sepettakip.com/ProductHeader/e4279b60-0c2a-4513-bbb6-e50990de70ca/2872c904-4165-4405-bf40-4da79a2bca69.jpg,تم التنزيل,814544
صورة قسم,Beyaz Et,Beyaz Et,صور الأقسام/Beyaz Et/Beyaz Et - صورة القسم.jpg,https://static.sepettakip.com/ProductHeader/1059e977-61a8-4500-9733-c1a72a27c80a/86085d75-e951-41f5-9889-9df29d377160.jpg,تم التنزيل,882209
صورة قسم,Crunchy Roll,Crunchy Roll,صور الأقسام/Crunchy Roll/Crunchy Roll - صورة القسم.jpg,https://static.sepettakip.com/ProductHeader/91d3da52-b3db-4ee9-9be0-95f41faf4e45/512e9cd3-0712-4d00-93a5-2c779565f228.jpg,تم التنزيل,57786
صورة قسم,Deniz Ürünleri,Deniz Ürünleri,صور الأقسام/Deniz Ürünleri/Deniz Ürünleri - صورة القسم.png,https://static.sepettakip.com/ProductHeader/5761fe38-6664-458f-95a9-fcf86753d299/db7eb8e9-d001-4b2f-b4a8-b1f4e0d2dd07.PNG,تم التنزيل,245610
صورة قسم,Kırmızı Et,Kırmızı Et,صور الأقسام/Kırmızı Et/Kırmızı Et - صورة القسم.jpg,https://static.sepettakip.com/ProductHeader/21e65ef7-efb5-40b7-9bf5-69e5adcb0f12/5806639a-47a2-48cd-8ffc-f49aa4197114.jpg,تم التنزيل,833402
صورة قسم,Magic Maki,Magic Maki,صور الأقسام/Magic Maki/Magic Maki - صورة القسم.jpg,https://static.sepettakip.com/ProductHeader/6e231c4c-3456-451e-8870-f97a6c0b6277/2f09f40f-9751-46be-9581-536c39648d94.jpg,تم التنزيل,51880
صورة قسم,Nigiri,Nigiri,صور الأقسام/Nigiri/Nigiri - صورة القسم.jpg,https://static.sepettakip.com/ProductHeader/b0d51a45-489a-4814-b526-5b965e08ea9f/d13c2e82-6582-402b-bba8-14589321bb6b.jpg,تم التنزيل,33181
صورة قسم,Noodle,Noodle,صور الأقسام/Noodle/Noodle - صورة القسم.jpg,https://static.sepettakip.com/ProductHeader/03144860-ad8f-475f-b59a-350aa15f1994/9c78f413-3606-46d4-a69a-22c5310dd2b3.jpg,تم التنزيل,936128
صورة قسم,Pad Thai,Pad Thai,صور الأقسام/Pad Thai/Pad Thai - صورة القسم.jpg,https://static.sepettakip.com/ProductHeader/00e2ed90-b6b2-44a1-8d52-5e011a998a95/94665053-843c-4637-a790-eeac9394a485.jpg,تم التنزيل,76070
صورة قسم,Pilav,Pilav,صور الأقسام/Pilav/Pilav - صورة القسم.png,https://static.sepettakip.com/ProductHeader/0c731ae5-8488-477a-aad9-d9f6ac6dae37/9f9d9e3e-7677-4fef-9e3d-51fbd7f26bdd.PNG,تم التنزيل,213502
صورة قسم,Poke Bowl,Poke Bowl,صور الأقسام/Poke Bowl/Poke Bowl - صورة القسم.jpg,https://static.sepettakip.com/ProductHeader/44690b7c-8058-4b07-8c4f-bb0d95dc0f80/c38906a0-5506-4c8d-882c-d29f771cc641.jpg,تم التنزيل,89593
صورة قسم,Salads,Salads,صور الأقسام/Salads/Salads - صورة القسم.jpg,https://static.sepettakip.com/ProductHeader/8b543b0d-92e0-4465-85bc-540ccf654800/1b5607e1-37c7-4cf6-9929-17077d01b066.jpg,تم التنزيل,83706
صورة قسم,Sashimi (4 Pcs),Sashimi (4 Pcs),صور الأقسام/Sashimi (4 Pcs)/Sashimi (4 Pcs) - صورة القسم.jpg,https://static.sepettakip.com/ProductHeader/cf5aa2b9-9444-4964-aaf7-9a2d665b206d/b51c4091-33f3-4e35-9046-41bdd843cdc6.jpg,تم التنزيل,895539
صورة قسم,Sebze Yemeği,Sebze Yemeği,صور الأقسام/Sebze Yemeği/Sebze Yemeği - صورة القسم.jpg,https://static.sepettakip.com/ProductHeader/6d52f629-1e52-4c7c-a631-c94839327da9/dce9bc17-1618-4d41-935b-0e120f36cb9f.jpg,تم التنزيل,16573
صورة قسم,Sos,Sos,صور الأقسام/Sos/Sos - صورة القسم.jpg,https://static.sepettakip.com/ProductHeader/c0db98a9-0186-4034-b235-cc638405d1a4/a5b0ba9a-1fc4-4022-bf1f-faf56957bea7.jpg,تم التنزيل,39773
صورة قسم,Special Roll,Special Roll,صور الأقسام/Special Roll/Special Roll - صورة القسم.png,https://static.sepettakip.com/ProductHeader/445c26f6-4cb2-4810-95c7-66d736862f2f/ef91c666-de1c-45b5-ae56-153ad4110ab1.PNG,تم التنزيل,252668
صورة قسم,Sushi Set Menüler,Sushi Set Menüler,صور الأقسام/Sushi Set Menüler/Sushi Set Menüler - صورة القسم.png,https://static.sepettakip.com/ProductHeader/8739436a-204f-403b-883d-20889af3da57/1544202e-c716-4c09-ab02-fa1a87ccc5d0.PNG,تم التنزيل,361323
صورة قسم,Tatlı,Tatlı,صور الأقسام/Tatlı/Tatlı - صورة القسم.jpeg,https://static.sepettakip.com/ProductHeader/29fff249-092c-46fe-8971-b9d08a9d95ef/fe1a74df-ba0b-441b-8ba2-85bb99029eae.JPEG,تم التنزيل,32692
صورة قسم,Udon Noodle,Udon Noodle,صور الأقسام/Udon Noodle/Udon Noodle - صورة القسم.jpeg,https://static.sepettakip.com/ProductHeader/7b4f7c27-09aa-4398-9ab1-c9995a628a17/20d28a73-7959-4b5c-a5d4-0cb6ae355fde.JPEG,تم التنزيل,28728
صورة قسم,Çorba & Ramen,Çorba & Ramen,صور الأقسام/Çorba & Ramen/Çorba & Ramen - صورة القسم.png,https://static.sepettakip.com/ProductHeader/cc21c6fd-cef6-486b-8bcd-563ee2538a5c/a4a6fca4-4708-4523-bfd5-64868a31aadc.PNG,تم التنزيل,188912
صورة قسم,İçecek,İçecek,صور الأقسام/İçecek/İçecek - صورة القسم.jpg,https://static.sepettakip.com/ProductHeader/fedd0877-be2d-4695-a520-67622a1e9065/ce041b57-b7c1-4c21-9338-27fd2e8bc1e8.jpg,تم التنزيل,24924
