القسم (كما بالموقع),اسم الصنف (كما بالموقع),السعر المعروض,السعر الأساسي,سعر العرض النشط,العملة,الوصف
Sushi Set Menüler,Canada Set (32 Pcs),1300.0,1300.0,,TRY,"Philadelphia roll (8 pcs.), california roll                ( 8 pcs.), kappa maki (8 pcs. ), avokado maki roll (8 pcs. )"
Sushi Set Menüler,Combo Crunchy Set Menü  (24 Pcs),1350.0,1350.0,,TRY,"Crispy crunchy ebiten (8 pcs.)  Crispy crunchy philadelphia roll (8 pcs),Crispy crunchy  california roll (8  pcs.)"
Sushi Set Menüler,Salmon Lover's (40 Pcs.),1999.0,1999.0,,TRY,Salman set (40 pcs)  8 pcs salmon ten roll 8 pcs philadelphia roll
Sushi Set Menüler,Cooked Mix (24 Pcs),1350.0,1350.0,,TRY,8 pcs salmon  tempura  roll 8 pcs Ebi tempura  roll 8 kalamar  tempura  roll
Sushi Set Menüler,Moriawase Set (20 Pcs),949.0,949.0,,TRY,4 pcs  california roll                                                8 pcs kani maki roll 8 pcs sake maki roll
Sushi Set Menüler,İstanbul Set (32 Pcs.),1899.0,1899.0,,TRY,"California roll (8 pcs.), Philadelphia roll(8 pcs.) , salmon tempura roll(8 pcs.), usaka roll(8 pcs.)"
Sushi Set Menüler,Lucky Set,1300.0,1300.0,,TRY,calofornia roll 8 pcs Philedelphia  8 pcs sake make 8 pcs
Sushi Set Menüler,Chicken Lovers (40 Pcs),1800.0,1800.0,,TRY,"chıcken caiıfornıa roll, chıcken tempura roll, dynamıt chıcken roll, chıcken phıladephıa roll, chıcken makı (40 pcs)"
Sushi Set Menüler,Lucky Prestige Roll Set (56 Pcs),3499.0,3499.0,,TRY,"Dynamite karides Roll,carzy salmon, crazy tuna, dragon roll,Osaka roll. Avokao sake maki.california (4). philedelpia(4)."
Sushi Set Menüler,California Sushi Set (16 Pcs),849.0,849.0,,TRY,"Yengeç, Avokado, Salatalık, Krem Peynir, Tobiko"
Sushi Set Menüler,Philadelphia Sushi Set (16 Pcs),849.0,849.0,,TRY,"Somon, Avokado, Salatalık, Krem Peynir, Susam"
Sushi Set Menüler,Sakura Maki Set  (40 Pcs),1550.0,1550.0,,TRY,8 kani maki 8 kapa maki 8 avokado sake maki 8 spicy Tuna Maki 8 Ebi Maki. (32 pcs)
Çorba & Ramen,Acılı Ekşili Çorba,275.0,275.0,,TRY,"Tavuk, havuç, lahana.t.sogan.yumurta"
Çorba & Ramen,Miso Çorbası,299.0,299.0,,TRY,"wakame, tofu,t. soğan"
Çorba & Ramen,Karidesli Ramen,499.0,499.0,,TRY,"soya filizi,mantar,haşlanmış yumurta, t.soğan, nori"
Çorba & Ramen,Etli Ramen,499.0,499.0,,TRY,"soya filizi,mantar,haşlanmış yumurta, t.soğan, nori"
Çorba & Ramen,Tavuklu Ramen,475.0,475.0,,TRY,"soya filizi,mantar,haşlanmış yumurta, t.soğan, nori"
Çorba & Ramen,Sebze Çorbası,275.0,275.0,,TRY,mevsim  sebzeleri
Çorba & Ramen,Tavuklu Mısır Çorbası,275.0,275.0,,TRY,"tane mısır,yumurta"
Çorba & Ramen,Tavuklu Udon Çorbası,499.0,499.0,,TRY,mantar soya filizi taze soğan brokoli
Çorba & Ramen,Etli Udon Çorbası,549.0,549.0,,TRY,mantar brokoli soya filizi tazae soğan
Çorba & Ramen,Karidesli Udon Çorbası,549.0,549.0,,TRY,mantar brokoli soya filizi taze soğan
Çorba & Ramen,Tom Yum Çorbası,475.0,475.0,,TRY,
Çorba & Ramen,Sebzeli Ramen,425.0,425.0,,TRY,
Çorba & Ramen,Deniz Mahsülleri Çorbası,499.0,499.0,,TRY,
Çorba & Ramen,Sebzeli Udon Çorbası ,449.0,449.0,,TRY,
Başlangıç,Steamed Dumplig (4 Adet),325.0,325.0,,TRY,"Mantar, havuç, kabak, kıyma, yeşil soğan, soya sos, oyster sos"
Başlangıç,Dana Etli Gyoza,325.0,325.0,,TRY,"Kıyma, havuç, kabak, taze soğan, yumurta"
Başlangıç,Shanghai Mantı Tabağı (6 Pcs.),499.0,499.0,,TRY,"Özel Asya sosu ile harmanlanmış, el yapımı Çin mantısı. Hafif acılı, aromatik ve bol lezzetli."
Başlangıç,Dynamite Shrimp (6 Adet),649.0,649.0,,TRY,Acılı karides tempura
Başlangıç,Edamame,299.0,299.0,,TRY,Soya fasulyesi
Başlangıç,Chili Garlic Soslu Edamame,299.0,299.0,,TRY,"Soya fasulyesi, chili sos"
Başlangıç,Teryaki Soslu Edemame,299.0,299.0,,TRY,
Başlangıç,Çıtır Tavuk,449.0,449.0,,TRY,sweet chilli ve dynamiteb sos yanında
Başlangıç,Sebzeli Çin Böreği ( Spring Rolls ) 2.Pcs,299.0,299.0,,TRY,"b.lahana, havuç,erişte"
Başlangıç,Prown Cracers ( Karides Cips),199.0,199.0,,TRY,
Başlangıç,Karides Shots (3 Pcs ),450.0,450.0,,TRY,
Başlangıç,Dynamite Chicken,399.0,399.0,,TRY,
Başlangıç,Tempura Karides (Pcs.),649.0,649.0,,TRY,6 adet
Deniz Ürünleri,Tatlı Ekşi Soslu Karides,750.0,750.0,,TRY,"Karides, Havuç, Kuru Soğan, Dolms Biber, Kapya Biber, Ananas"
Deniz Ürünleri,Acılı Kalamar,649.0,649.0,,TRY,"Kalamar, Kabak, Sivri , Kültür Mantarı, Kapya Biber, Fıstık, Havuç, Soya Filizi"
Deniz Ürünleri,Karışık Sebzeli Karides,750.0,750.0,,TRY,"Karides, Kuru Soğan, Dolma Biber, Kapya Biber, Brokoli, Kabak, Havuç, Kültür Mantarı, Beyaz Lahana, Soya Filizi"
Deniz Ürünleri,Acı Soslu Karides,749.0,749.0,,TRY,"Karides, Kabak, Sivri Biber, Kültür Mantarı, Kapya Biber, Fıstık, Havuç, Soya Filizi"
Deniz Ürünleri,Tatlı Ekşi Soslu Somon,650.0,650.0,,TRY,"Somon, Havuç, Kuru Soğan, Dolma Biber, Kapya Biber, Ananas"
Deniz Ürünleri,Teriyaki Soslu Somon,650.0,650.0,,TRY,"Brokoli, Havuç, Teriyaki Sos"
Udon Noodle,Etli Udon Noodle,549.0,549.0,,TRY,"Etli beyaz lahana, havuç, soya filizi, taze soğan"
Udon Noodle,Tavuklu Udon Noodle,525.0,525.0,,TRY,"Tavuk, beyaz lahana, havuç, soya filizi, taze soğan"
Udon Noodle,Karidesli Udon Noodle,549.0,549.0,,TRY,"Karides, beyaz lahana, havuç, soya filizi, taze soğan"
Udon Noodle,Sebzeli Udon Noodle,475.0,475.0,,TRY,"Beyaz lahana, havuç, soya filizi, taze soğan"
Udon Noodle,Deniz Mahsülleri Udon,549.0,549.0,,TRY,
Udon Noodle,Kalamarlı Udon Noodle,535.0,535.0,,TRY,
Noodle,Sebzeli Noodle,425.0,425.0,,TRY,"Taze soğan, havuç, soya filizi, beyaz lahana"
Noodle,Kalamar Noodle,490.0,490.0,,TRY,"Kalamar, beyaz lahana, taze yeşil soğan, havuç, soya filizi"
Noodle,Tavuklu Noodle,460.0,460.0,,TRY,"Taze soğan, havuç, soya filizi, beyaz lahana"
Noodle,Etli Noodle,499.0,499.0,,TRY,"Dana eti, taze soğan, havuç, soya filizi, beyaz lahana"
Noodle,Karidesli Noodle,499.0,499.0,,TRY,"Karides, beyaz lahana, taze soğan, soya filizi, havuç."
Noodle,Deniz Mahsülleri Noodle,525.0,525.0,,TRY,"beyaz lahana, taze soğan, soya filizi, havuç."
Noodle,Singapur Noodle,525.0,525.0,,TRY,
Noodle,Teriyaki Soslu Brokolili Etli Noodle,515.0,515.0,,TRY,"Kırmızı et, beyaz lahana, havuç, yeşil soğan, brokoli, teriyaki sos"
Noodle,Teriyaki Soslu Brokolili Tavuklu Noodle,475.0,475.0,,TRY,
Pilav,Sebzeli Yumurtalı Pilav,299.0,299.0,,TRY,"Yumurta, bezelye, havuç, mısır, yeşil soğan"
Pilav,Tavuklu Pilav,350.0,350.0,,TRY,"Tavuk, yumurta, bezelye, havuç, mısır, yeşil soğan"
Pilav,Etli Pilav,399.0,399.0,,TRY,"Et, yumurta, bezelye, havuç, mısır, yeşil soğan"
Pilav,Karidesli Pilav,399.0,399.0,,TRY,"Karides, yumurta, bezelye, havuç, mısır, yeşil soğan"
Pilav,Stim Rice,275.0,275.0,,TRY,sade pilav
Pilav,Deniz Mahsülleri Pilav,425.0,425.0,,TRY,
Pilav,Dana Etli Körili Pilav ,425.0,425.0,,TRY,
Pilav,Thai Usulü Ananaslı Pilav,399.0,399.0,,TRY,
Poke Bowl,Poke Bowl Shrimp,575.0,575.0,,TRY,"Sushi pirinci, kızartılmış karides, avokado, edamame, yanında sweet chili ve dynamite sos ile birlikte servis edilir."
Poke Bowl,Salmon Poke Bowl,535.0,535.0,,TRY,"Sushi pirinci, somon, avokado, edamame, wakame, yanında sweet chili ve dynamite sos ile birlikte servis edilir."
Poke Bowl,Maguro Poke Bowl,590.0,590.0,,TRY,"Sushi pirinci, tuna ton balığı, avokado, salatalık, wakame, edamame, yanında sweet chili ve dynamite sos ile birlikte servis edilir."
Poke Bowl,Vegetarian Poke Bowl,425.0,425.0,,TRY,"Sushi pirinç, tofu peynir, edamame, avokado, yanında sweet chili ve dynamite sos ile birlikte servis edilir."
Poke Bowl,Salmon Tempura Poke Bowl,535.0,535.0,,TRY,"Sushi pirinci, somon tempura, wakame,edamame, avokado, yanında sweet chili ve dynamite sos ile birlikte servis edilir."
Poke Bowl,Ckicken Poke Bowl,475.0,475.0,,TRY,"Sushi pirinci, çıtır tavuk, wakame, edamame, avokado, yanında sweet chili ve dynamite sos ile birlikte servis edilir."
Poke Bowl,Grabi Poke Bowl,525.0,525.0,,TRY,"Sushi pirinci, yengeç, hardal, teriyaki sosu, dynamite sos, edamame, avokado, yanında sweet chili ve dynamite sos ile birlikte servis edilir."
Poke Bowl,Tso Poke Bowl,499.0,499.0,,TRY,"Sushi pirinci, General TSO tavuk, edamame, wakame,avokado, yanında sweet chili ve dynamite sos ile birlikte servis edilir."
Kırmızı Et,Tatlı Ekşi Soslu Dana Eti,630.0,630.0,,TRY,"Yeşil biber, kuru soğan, kapya biberi, ananas"
Kırmızı Et,Mançuryan Usulü Dana Eti,630.0,630.0,,TRY,"Yeşil biber, soya filizi, mantar, fıstık"
Kırmızı Et,Brokolili Dana Eti,630.0,630.0,,TRY,"Brokoli, havuç"
Kırmızı Et,Karışık Sebzeli Dana Eti,630.0,630.0,,TRY,"Havuç, soya filizi, kuru soğan, yeşil biber, kırmızıbiber, baby mısır"
Kırmızı Et,Yeşil Biberli Dana Eti,630.0,630.0,,TRY,"Yeşil biber,Havuç,taze soğan"
Beyaz Et,Brokoli Tavuk,499.0,499.0,,TRY,"Brokoli, havuç, tavuk"
Beyaz Et,General Tso,499.0,499.0,,TRY,"Taze soğan, susam"
Beyaz Et,Mancuryan Usulü Tavuk,499.0,499.0,,TRY,"Mantar, yeşil biber, kabak, kapya biber, soya filizi, fıstık"
Beyaz Et,Tatlı Ekşi Soslu Tavuk,499.0,499.0,,TRY,"Dolmalık biber, kapya biber, ananas, taze soğan"
Beyaz Et,Acı Biberli Tavuk,499.0,499.0,,TRY,"Kapya biberi,yeşil biber, havuç, taze soğan"
Beyaz Et,Teriyaki Soslu Tavuk,499.0,499.0,,TRY,"Kapya biber, yeşil biber, kuru soğan, Taze soğan, susam"
Beyaz Et,Moğol Usulü Tavuk,400.0,400.0,,TRY,sarımsak acı biberli sos
Beyaz Et,1.5,200.0,200.0,,TRY,
Special Roll,California Roll (8 Pcs),475.0,475.0,,TRY,"Yengeç, avokado,krem peynir, salatalık, tobiko"
Special Roll,Philadelphia Roll (8 Pcs),475.0,475.0,,TRY,"Somon, avokado, salatalık, krem  peynir, susam"
Special Roll,Philladelphia (4 Pcs),325.0,325.0,,TRY,"Somon, avokado, salatalık, krem peynir, susam"
Special Roll,California (4 Pcs),325.0,325.0,,TRY,"Yengeç, avokado, salatalık,krem peynir, havyar tobiko"
Special Roll,Green Dragon Roll (8 Pcs),540.0,540.0,,TRY,"Yılan balığı, salatalık, avokado"
Special Roll,Crazy Salmon Roll (8 Pcs),549.0,549.0,,TRY,"Salatalık, avokado, krem peynir, tütsülenmiş somon, acı mayonez"
Special Roll,Crazy Tuna Roll (8 Pcs),560.0,560.0,,TRY,"Tuna balığı, avokado, krem peyniri, salatalık"
Special Roll,Ebi Tempura Roll (8 Pcs),490.0,490.0,,TRY,"Karides tempura, avokado, salatalık krem peynir, dynamite sos, teriyaki sos"
Special Roll,Somon Tempura Roll (8 Pcs),475.0,475.0,,TRY,"Somon tempura, avokado, salatalık, krem peynir, teriyaki sos"
Special Roll,Calamar Tempura Roll (8 Pcs),475.0,475.0,,TRY,"Kalamar tempura, avokado, salatalık, krem peynir, panko, dynamite sos, teriyaki sos"
Special Roll,Canadian Roll ( 8 Pcs),560.0,560.0,,TRY,"Yengeç, krem peyniri, avokado, salatalık, somon"
Special Roll,Dragon Roll (8 Pcs),599.0,599.0,,TRY,"Avokado, teriyaki sos, salatalık, yılan balığı, susam"
Special Roll,Dynamite Karides Roll (8 Pcs),499.0,499.0,,TRY,"Avokado, salatalık, krem peynir, susam, karides, acılı dynamite sos, teriyaki sos"
Special Roll,Crazy Philadelphia Roll (8 Pcs),490.0,490.0,,TRY,"Avokado, salatalık, krem peyniri, somon"
Special Roll,Philly Roll (8 Pcs),465.0,465.0,,TRY,"Avokado, salatalık, krem peynir, ton balığı, acı mayonez, teriyaki"
Special Roll,Raınbow Roll (8 Pcs),575.0,575.0,,TRY,"Yengeç, avokado, krem peynir, salatalık, somon, levrek"
Special Roll,Vegan Roll,425.0,425.0,,TRY,
Special Roll,Grabi Roll,499.0,499.0,,TRY,8 pcs
Special Roll,Ekstra,50.0,50.0,,TRY,
Special Roll,Chicken California Roll,420.0,420.0,,TRY,tavuık krem peyniri avokado salatalık  tobiko
Special Roll,Dynamite Ckicken Roll,440.0,440.0,,TRY,
Special Roll,Wakame Roll,530.0,530.0,,TRY,
Special Roll,Osaka Roll,525.0,525.0,,TRY,
Special Roll,Ckicken Philadelphia Roll,420.0,420.0,,TRY,
Special Roll,Ckicken Tempura Roll,420.0,420.0,,TRY,
Special Roll,Chicken California,420.0,420.0,,TRY,"Tavuk, salatalık, krem peyniri, avokado"
Crunchy Roll,Crispy Crunchy California (8 Pcs),475.0,475.0,,TRY,"Yengeç tempura, avokado, salatalık, krem peynir, teriyaki sos, tatlı acı sos dynamite sos"
Crunchy Roll,Crispy Crunchy Philadelphia (8 Pcs),475.0,475.0,,TRY,"Somon tempura, avokado, salatalık, teriyaki sos, dynamite sos, tatlı ekşi sos"
Crunchy Roll,Crispy Crunchy Shrimp (8 Pcs),499.0,499.0,,TRY,"Karides tempura, avokado, salatalık, krem peynir, teriyaki sos, dynamite sos, tat acı sos"
Crunchy Roll,Crispy Crunchy Dragon (8 Pcs),525.0,525.0,,TRY,"Yılan balığı, avokado, salatalık, teriyaki sos, dynamite sos"
Crunchy Roll,Crispy Crunchy Calamar (8 Pcs),490.0,490.0,,TRY,"Kızarmış kalamar, avokado, salatalık, teriyaki sos, dynamite sos"
Crunchy Roll,Chrispy Crunch Chicken,445.0,445.0,,TRY,Tavuklu
Magic Maki,Kani Maki (8 Pcs),325.0,325.0,,TRY,"Yengeç, krem peynir"
Magic Maki,Sake Maki (8 Pcs),350.0,350.0,,TRY,"Somon, krem peynir"
Magic Maki,Kappa Maki (8 Pcs),249.0,249.0,,TRY,Salatalık
Magic Maki,Avokado Sake Maki (8 Pcs),325.0,325.0,,TRY,"Somon, avokado"
Magic Maki,Ebi Maki (8 Pcs),375.0,375.0,,TRY,"Kızarmış karides, krem peynir"
Magic Maki,Avokado Maki (8 Pcs),275.0,275.0,,TRY,Avokado
Magic Maki,Spicy Tuna Maki (8 Pcs),425.0,425.0,,TRY,Acılı tuna maki
Magic Maki,Ckicken Maki (8 Pcs),285.0,285.0,,TRY,
Sashimi (4 Pcs),Sake Sashimi (4 Pcs),475.0,475.0,,TRY,Somon
Sashimi (4 Pcs),Tataki Salmon Sashimi,475.0,475.0,,TRY,Tütsülenmiş somon
Sashimi (4 Pcs),Ebi Sashimi,450.0,450.0,,TRY,Karides
Sashimi (4 Pcs),Unagi Sashimi,650.0,650.0,,TRY,Yılan balığı
Sashimi (4 Pcs),Tuna Sashimi,475.0,475.0,,TRY,
Sashimi (4 Pcs),Levrek Sashimi ,460.0,460.0,,TRY,
Pad Thai,Pad Thai Chicken,410.0,410.0,,TRY,"yumurta, Havuç, taze soğan, soya filizi, b.lahana"
Pad Thai,Pad Thai Dana,435.0,435.0,,TRY,"Pirinç erişteri, dana eti, soya filizi, fıstık, taze soğan, yumurta sarısı, fıstık, pul biber, soya sos ile"
Pad Thai,Pad Thai Karides,435.0,435.0,,TRY,"Pirinç erişteri, karides, soya filizi, kişniş, taze soğan, yumurta sarısı, fıstık, pul biber, soya sos ile"
Pad Thai,Pad Thai Sebzeli,385.0,385.0,,TRY,"Pirinç erişteleri, soya filizi, kişniş, taze soğan, yumurta sarısı, fıstık, pul biber, soya sos ile"
Nigiri,Sake Nigiri (2 Pcs),300.0,300.0,,TRY,Somon
Nigiri,Unagi Nigiri (2 Pcs),450.0,450.0,,TRY,Yılan balığı
Nigiri,Ebi Nigiri (2 Pcs ),350.0,350.0,,TRY,Karides
Nigiri,Suzuki Nigiri (2 Pcs),350.0,350.0,,TRY,Levrek
Sos,Acılı Pul Biber Sos,10.0,10.0,,TRY,
Sos,Dynamite Sos,10.0,10.0,,TRY,
Sos,Sriracha Sos,10.0,10.0,,TRY,
Sos,Teiryaki Sos,10.0,10.0,,TRY,
Sos,Sweet Chili Sos,10.0,10.0,,TRY,
Sos,Wasabi,10.0,10.0,,TRY,
Sos,Zencefil Sos,10.0,10.0,,TRY,
Sos,Soya  Sos,20.0,20.0,,TRY,
İçecek,Pepsi Cola (330),99.0,99.0,,TRY,
İçecek,Pepsi Zero Sugar (330),99.0,99.0,,TRY,
İçecek,Fanta (330 Ml),99.0,99.0,,TRY,
İçecek,Fuse Tea (330 Ml),99.0,99.0,,TRY,
İçecek,Soda (200 Ml),75.0,75.0,,TRY,
İçecek,Su (330 Ml),55.0,55.0,,TRY,
İçecek,Cola Turka ,99.0,99.0,,TRY,330 ml
İçecek,Coca Cola Zero Sugar (330 Ml),99.0,99.0,,TRY,
İçecek,Coca Cola (330 Ml),99.0,99.0,,TRY,
İçecek,	 Lipton Ice Tea Limon (330 Ml),99.0,99.0,,TRY,
İçecek,Lipton İce Tea Şeftali (330 Ml),99.0,99.0,,TRY,
İçecek,Seven Up (330 Ml),99.0,99.0,,TRY,
İçecek,Yedigün (330 Ml),99.0,99.0,,TRY,
İçecek,Tropicana Şeftali (330 Ml),99.0,99.0,,TRY,
İçecek,Tropicana Vişne (330 Ml),99.0,99.0,,TRY,
İçecek,	 Tropicana Karışık (330 Ml),99.0,99.0,,TRY,
Salads,Çin Salatası,275.0,275.0,,TRY,"soya filizi, havuç, salatalık,  özel soslar ile"
Salads,Acı  Lahana Salatası,275.0,275.0,,TRY,"kırmızı lahana, domates, havuç, özel soslar ile"
Salads,Wakame Salad,345.0,345.0,,TRY,
Sebze Yemeği,Sarımsak Soslu Brokoli,250.0,250.0,,TRY,Brokoli havuç
Sebze Yemeği,Karışık Sebze,250.0,250.0,,TRY,"Mantar, Havuç, kuru soğan, y.biber ,k. biber , beyaz lahana, kabak, brokoli, koçan mısır."
Sebze Yemeği,Acılı Karışık Sebze,250.0,250.0,,TRY,
Tatlı,Kızarmış Ananas,275.0,275.0,,TRY,
Tatlı,Kızarmış Dondurma,300.0,300.0,,TRY,
Tatlı,Nutella Roll,300.0,300.0,,TRY,
Tatlı,Kızarmış Muz,300.0,300.0,,TRY,
Tatlı,Ballı Kızarmış Ceviz,300.0,300.0,,TRY,
Bento Menüler,Bento Menü Vegan ,949.0,949.0,,TRY,"sebzeli noodle,vegan roll çin böreği"
Bento Menüler,Bento 1,1100.0,1100.0,,TRY,general tso sebzeli noodle 4 pcs philadelphia roll
Bento Menüler,Bento Menü 2,1100.0,1100.0,,TRY,1 pcs teriyakili soslu tavuk 1 pcs sebzeli noodle 1 pcs edemame 
Bento Menüler,Bento Menü 3 ,1100.0,1100.0,,TRY,sebzeli pilav 1 pcs tatlı ekşi tavuk 1 pcs 4 pcs california roll
